"Txhash","ContractAddress","ContractName"
"0x2c3e7fb24bd21105612941c78e437af4a9d04e72d4ccf1e1e4bd1a1a0148469f","0x9e1ae1cae3e9609626753086d4859cddc33f1cc8","TokenERC20"
"0x8ec8dc21c4191ec75750e2cebeb36725e83c27fb72b05eea887d0d07a2afe80c","0x85187591622c8ecb15a00c4449807e37de534527","LIBRAToken"
"0xdddbb47f1b40181e0f03c34a7d664c060f174b211c6148671d64f03fb7bc8ee9","0xb4bd063a3dfd387b50894d4b4661417dc5da422a","RaffleTicket"
"0x389bf74e6ac754d3fd13083a6df8cec332df869417232838c2899b04b5ab7dee","0xf86c697616f6d715dfaa5febe4e2218578f82ce8","HALE"
"0x0d9878ea1b7eaacc76585d92fe92d9f8acb67646cfdb23a5753d91bcd4efd927","0x2e8c1e33e82e2a5b93076f32aa5efe3dfaaa1676","PostLike"
"0x5bfa34460f3a4251b28f8013522ca540bdc94c8c65ddfbe73c057a49179ccd8a","0x83bebcc83d2f6a9780a885cf451f3a6bbf4a5624","PostLike"
"0x1878259f07822fc25cde2d2f68b96ff1c9b9b2d642011a2870169d36afa65dc9","0x6fa85aa3f44f296de1294e3c097872235215b822","PublicBank"
"0x4d9bb7acc19f25f078a92bad08dcf7f56f79555d78b2ae85db2a159f185e1811","0x43be5f3bd05710b175736ab28207510b9367987b","GemToken"
"0x9fbd124100e87a7bebd96c62eef655f56601555cc04856a0ded48876ade8afbe","0x6a6e019908d8e76bdb3f2bf38eb9422c8d0c3d57","GemToken"
"0xa441d83eb87894c19bfe86ce134e8a285fb2559b050305d1d32f71fa76defb76","0x6e1de0e14c9b6472cb3b87a57d8c120dd8a0fbed","EasyBrokermanToken"
"0x8c59578cea7954cd7d15743826608935060f44239844ce35adfcdb3e1aaeb434","0x763ae93d72c7575cf9df1013e9fe2c08b96d6034","BitXCoin"
"0xe66b58f2ce2a4e84c33ad1cb64fb34e691cb312145f95fa89cbdd16306b08a2d","0x791d406b20a7d93c0945b0d9d7abf323772397c9","TokenFaucet"
"0x571617274f6b4a866827bec7a4048a6b527af044e9f66ead64c2a5f9f0f96975","0x61f399ed1d5aec3bc9d4b026352d5764181d6b35","Redirector"
"0x38025721a98cc702e99f9f36a74cf6365087bb5a048260a548fe2ce2b1e25b58","0xd0cb75298d5c1e3b277e3cd95c56b3caa81a99d3","HDTToken"
"0x872b95b537a52f82c8616238231d30430e55b3dda28497de346935ca737853e2","0x0e87f146d16260026d642b75238faf22eaa356ae","FOMO6D"
"0x682418ef6ee1c410cd9d1103492199af99eb973332a169a65bf90a0d6a906c04","0xa711687f064dcb2c548ea0d6f246f36b1a304327","FtInvestToken"
"0xbea174e4e21a5f1dafbcfc0aab31910a7b396728c079b8f0ee3b28f17f40431e","0xC13CA04F53f7b1872693F12032d1Ca5049DB22a5","MainToken"
"0x1df05eaa1dc0fde7516d6e351c3c12d93c4cfad7fa21a1bde2841120f1a783ce","0xd88961b58d6b049404554117fcb94788a6ae7df8","againstTokenRegister"
"0x932b219e4ee8ad2bceb917a41ac872686a684120dbd183974872ce13d1715cad","0x782c22ab775677273b5dc9732432296877a594d6","InbestTokenBuybackProcessor"
"0x1724793edbace7dda269181bbf9a9711d3fc28f33a17696230d348473d2f0ebd","0xbc5142e0cc5eb16b47c63b0f033d4c2480853a52","USD"
"0x1db7edab1bbd97ced1aed455799bebbd6fa1b026dffab3e180ff37ba4917cb6c","0xc642549743a93674cf38d6431f75d6443f88e3e2","ISK"
"0x6c0b61565d46d215e1333e5ea292ff64817f7175b9500fdb66c2188a455c2136","0x41ad4093349c8a60de591a3c37dcd184558eaae3","BitcoinCompanyNetwork"
"0x25e062f1909ba3f3d7cf21199db506a8dd273e23808a29acf46f61450a6e1fb9","0xb128960f39820374e4ee6e015988f1a5f7fc3498","DMap3"
"0x0acda3ef42c47b9ff7877fb778a870faa25c03f266d920ab86433058230a78f3","0xc3e419177044c9172823f06335d5d82aaf38a5c6","KVPMegaERC20"
"0xd2901b2f8cd0ca8c6fc7c70937d9a63185551350cccc663e8d6fedf4141f71cc","0xaff8d9e1966491c0442ecedba5d4c09033af20bf","CAZPLUSToken"
"0xd0538a2fb27f1ef70bc770e87f66484a0303c7f8b6a00cb408f600c5dc19b413","0x12824271339304d3a9f7e096e62a2a7e73b4a7e7","StickerMarket"
"0x0cf8e62b1e8fd848ab52e23631d9d2eb49c5cb3edf069433f78753870c8efec2","0x110101156e8f0743948b2a61afcf3994a8fb172e","StickerPack"
"0xf71f6d9dca72c9b8222e132a031fa6a69d4b3453237230c0df337d307cf6b7b6","0x0577215622f43a39f4bc9640806dfea9b10d2a36","StickerType"
"0x3098031bf4dc5c609bf0137af41025613fb4c637174acc6f072d137caae902f5","0x43fcede3571c10aca1d3c12339bf01423b118e81","FundingVote"
"0xb9fe0a9574aa660137f6778f31852b1999027a070363e5e0213c6eeb5b4dd3c7","0xbab509d1dcc04eed38f6ef4f9ab46c91bd215eb0","Token"
"0xb9fe0a9574aa660137f6778f31852b1999027a070363e5e0213c6eeb5b4dd3c7","0x1f1d7f0ab5756c7d2ae38c6f7a3a04d9930e3956","Crowdsale"
"0x48623c3cbcb2d33f943114f706a6224c4ecf1cdf106cabe8c6f403a8e6a4913d","0xb74a2d5a709af071b37ee4fc3c9b4398ee0dc4a7","ERC721Metadata"
"0xa34008aa67f655fa6df2b29c10630d14ee23b5ca80b9af909233d2a14f1b98b9","0x2630dac07007be527b684c557b45574989e472b1","HACK"
"0x0aa561af6d45f44987e9b0f1ccf6b6455bb34d020b2ff7f362ad07b9629e1a89","0x451239b6d8f3c3767612aed9fc681afe186aa145","Dinngo"
"0x16e24fa85caf1407a58cdb43cc1719a6710606b7c3baf4ae29169c0cd9f51b8c","0x5d9e7934885c0aeb3eb45ef9b88a9d3c894a3cd1","Digital_quiz"
"0xf751e50d78f3a9f64b707bb1ed6de13d35d15ab14a0889e1c0a5a50d224891eb","0x3e802265799f28366e7ecafd773bb3e33517353c","Scalecoin"
"0xbf11bfca65757dbc4d4cd8ff77e7bf026c4c5b1df0e04173c899972ef84df2ed","0x8fEfe8566A4B869cb1F8ab67225Cd05f3D00A93A","MasterProxy"
"0x52a4b02522590812e1d8f7a19b6fa48bf49aa18ef20e92b296b5c243d01606bb","0x2c54036c505b762b6ca2873dfcfecb632f83fe27","Airdrop"
"0x52a4b02522590812e1d8f7a19b6fa48bf49aa18ef20e92b296b5c243d01606bb","0xd76c75b9cbbeab4109456fda9f2da73297b795db","ShuffleToken"
"0x38ffbc2fa6352a9584a6be245dad0c03278fc0a78444ab52083f8a1e8fecf05d","0x6d574bd472916082050108fc9677cab6f2f1f34e","Indorser"
"0xfa99b2df82aa077667abb82314d6e28a0a8e4e8e5abb53675fda0b0ae93d0c92","0x56493824c70c429c155c7471bbc5ccb69562190b","Description"
"0xe4317b916997e51b054d5398c322d9d2c34c316946b43eddb20622de32afad37","0xeeb7354be728184cd60707385d8620a2d0c67501","SharedWalletWithLogging"
"0x761042d88458792074176e32df4cd56bf0040f692e1b573aba6a054b556acc23","0x528d0f6780fe67c1f289456e8e8b4f9b75bd8efe","SharedWalletWithLogging"
"0x49b510e32bcfecc2f360c04927949c7bbbf4ce9226a454869753e2ad29e3748e","0x146b3f3133858737db3c22d0102e950641012f08","Description"
"0xe03f7e773d2ded52e7723d81ae068a75219a0df56bc4204e4272cede46c28afa","0xa1af877b17af62b54e3248c3adfbfbe91b115873","SharedWalletWithLogging"
"0x8a49e675dd9699ddc8951bd381648a41bd2ad829927298196a8b5c56acdc8d16","0xa8e99381f94b7dce38faf7d5cbe79be16d5ceade","BUTTv1"
"0x824f4fd32a2ead4aafa2f784c8f016fd064ad3d6b04b17df738ab1c99d052753","0xb5597a1bf59defd5381208732a508fed3ffc0d7b","HA"
"0x7738cfd329c051e2722a7f74c8a43a7c1131f6809bbc4ffd1cfe728a4d3f74ff","0x735ab905785a3533fbbc1b11dc45deedf9c6b9c5","GRAM"
"0x3ed4a454174007166b268ca792919188c0e7b22b161ebdcdf865d6826cc8e082","0xf13297aebfe157c4412e59363351779e60ec6b86","GRAM"
"0x4b8b5837f01df0033008a63dd06d3c4a900ccc4a919d306e01b3412824b7d92d","0x2581edaf8dd85bde2a33ab9ac5b190e7c7b0a1ad","Username"
"0x9eaffd7d3e83137e1efcbaac072a049f74d2974853765bc6f05940655b77a35e","0x5087c3444226b5fc9d512ab3c893305cfb03fcc1","Username"
