vrsion,total_lines,comments,blanks,mapping,functions,payable,events,modifiers,contracts_definition,addresses,contracts,libraries,interfaces,contractAddress
0.4.0,55,13,100,1,3,0,1,0,1,5,1,0,0,0x50d2ea0c7edcb2e1b7393449a14d0857b3d63488
0.4.11,363,69,654,6,26,1,5,3,10,35,9,1,0,0x62e13095b0026b226538ae3e557507af875a6e31
0.4.11,88,3,157,3,8,0,2,3,1,13,1,0,0,0xa6048eb570f2154b6590b9dd02bf1fe66a2a3b8e
0.4.12,255,38,455,3,27,1,7,1,5,34,5,0,0,0xb7f4c286851cbf0cbf2fe8ebf40412b196c0e8ad
0.4.16,127,3,190,3,9,0,2,0,2,16,1,0,1,0x1e197b3a3d6922bb080744fb60fd6ee4bc18045b
0.4.16,139,26,256,4,13,1,4,0,2,14,2,0,0,0xdcd40c41e9c57cbc121b29be8d3aed0447deaf0b
0.4.16,150,30,285,3,9,0,2,0,2,17,1,0,1,0xfb3b4d413fb8df96c6336e8dd103f8af38b48f87
0.4.16,153,1,280,4,17,1,7,1,2,32,1,0,1,0xd5e0b57757b3555d33a6e93694e6dcc2a3897a63
0.4.16,153,33,291,3,9,0,2,0,2,16,1,0,1,0x14f56841bbe75b7f7765196b67ea3e8ad190c164
0.4.16,153,33,291,3,9,0,2,0,2,16,1,0,1,0x5281cf2d76a42b3b2a54800c653739b6bfcde06d
0.4.16,153,33,291,3,9,0,2,0,2,16,1,0,1,0x67a8bc3c4af9d44217506444d0d6052d1fc998c4
0.4.16,153,33,291,3,9,0,2,0,2,16,1,0,1,0xcf369852f4149421f94b31a2530761da8bd9a870
0.4.16,159,34,302,3,9,0,3,0,2,18,1,0,1,0xc94ff26042f761ecf585cd25bc44866946c74ae7
0.4.16,169,23,302,4,19,4,3,1,4,24,3,0,1,0x287fda15f8f002e5df9f536f10bbfc0816960f36
0.4.16,190,39,376,3,11,0,2,1,3,19,2,0,1,0x5c63cf33a05cff5c6e3ecccb304dd702246cdc46
0.4.16,221,55,435,4,26,4,4,1,2,41,2,0,0,0x503ef4bfe109063ff97ad4992d4c940503df5cc5
0.4.16,221,55,435,4,26,4,4,1,2,41,2,0,0,0xea3403bd1f4f7dcca4fac863c3d065b3fede30ce
0.4.16,222,64,442,4,18,1,4,1,4,27,3,0,1,0x23ad9a70b7d0edf3b88ce8013b02a8d9875ac368
0.4.16,243,63,479,4,31,4,4,1,2,41,2,0,0,0x755cebe8cc53c7cb1e1bb641026a17d37d4aea91
0.4.16,61,9,114,3,6,0,2,0,1,14,1,0,0,0x24dd6e1fe742bd8fd3a1d144fece1680f16296aa
0.4.16,61,9,114,3,6,0,2,0,1,14,1,0,0,0x31f65c7e03f83314f4a368b750823dc57f95280c
0.4.16,89,4,170,2,13,1,3,1,1,20,1,0,0,0xb1929cdf452f0947ee56d24364c81d1e4f89e098
0.4.17,1457,231,2644,3,88,4,28,10,21,71,16,5,0,0xb620c762dd4bc350602936d7401bb8393ee6687c
0.4.17,374,48,692,3,31,0,6,4,9,41,8,1,0,0xbf3959b283224db7ecee64b47730b95023c1b533
0.4.17,447,60,823,4,38,0,11,4,10,50,9,1,0,0x37dcacf50dfa4a1b806d1d7f1318c9717fd3204f
0.4.17,447,60,823,4,38,0,11,4,10,50,9,1,0,0xcae8e46ae23153cc8d8912737f261106988f29a2
0.4.17,451,61,830,4,38,0,11,4,10,50,9,1,0,0x407cf8ec38ce84145ada916a41e6623c769551b6
0.4.17,451,69,831,4,37,0,11,4,10,50,9,1,0,0x13110480c3c83ad103159ca239d82feb7a9b1a45
0.4.18,141,47,254,3,14,1,2,0,3,23,3,0,0,0x362b4c3947592e3ed0e54580768a92cfea654b02
0.4.18,169,57,308,3,20,1,2,0,4,26,4,0,0,0x154715aab3f90679959d2658f7f15361fd246335
0.4.18,1864,136,3437,9,168,7,4,5,16,76,13,3,0,0xe73edd11d37bbf04ab598f8ce9ce260179feef0a
0.4.18,1879,136,3466,9,169,7,4,5,16,77,13,3,0,0x5fdbd5af459015b0f1c9ab97d0f36aca0cd00f80
0.4.18,219,74,399,3,24,1,3,1,5,33,5,0,0,0x0f2d4c5c9dc5d1f7f9260e3d57ed2bbad742eba1
0.4.18,223,80,407,3,24,1,3,1,5,33,5,0,0,0x4ddd5fc76fa654e15132c606c0d65d38056c4be9
0.4.18,223,80,407,3,24,1,3,1,5,33,5,0,0,0xb92aa4a864daf0d6a509e73a9364feba44384965
0.4.18,233,12,424,4,24,0,5,4,6,35,5,1,0,0x54396b8d18f8cc3a8e9aea735378afa54cbdc18e
0.4.18,233,12,424,4,24,0,5,4,6,35,5,1,0,0x62fc6c775f54d95c15999ae31ae3b59d2fe51ca9
0.4.18,233,13,424,4,24,0,5,4,6,35,5,1,0,0xacd5b166c9bf6503bd149571fc7e5bfa3353ea49
0.4.18,238,3,460,4,27,1,7,3,5,46,4,1,0,0x87d46bc2cf8619df20fc95123a090ef3bef80f46
0.4.18,349,26,636,3,31,0,7,3,9,51,8,1,0,0xbc2fc0820fb4230341ce0999d317015f98396df4
0.4.18,458,52,828,3,27,0,4,4,8,46,7,1,0,0xa6447a49dfaf9ee34327a42649a2bf561879811c
0.4.18,779,39,1067,6,25,0,7,4,12,35,11,1,0,0x83004089b16fd4154e7f2f397a49b386810d47f7
0.4.19,1092,99,2034,1,87,0,12,3,12,51,4,4,4,0xf3dabd468b11e08d9d60e2afd9aa0b41a161564a
0.4.19,1108,102,2053,2,92,0,12,3,15,67,7,4,4,0x431fa2059c380acf820cc6f41836eba295790474
0.4.19,1108,102,2053,2,92,0,12,3,15,67,7,4,4,0x6c00887f34c017aa1febb9e5da8ef9d0cb264c2f
0.4.19,1108,102,2053,2,92,0,12,3,15,67,7,4,4,0xb208d048380c3a516e745499d57b5548b0e6d012
0.4.19,188,5,334,4,21,1,4,2,5,36,4,1,0,0x536c7efeebff067a69393133b1c87a163a6b0598
0.4.19,227,24,422,4,17,1,3,1,4,23,3,0,1,0xd3f89750010eae391d2e40e3b3f9d638c7635279
0.4.19,237,11,427,2,20,1,4,2,2,25,1,1,0,0xdddcf70aedb136afef436ed17ad292205dfe4c13
0.4.19,58,1,105,3,5,0,2,0,2,14,2,0,0,0xb6eddaf272d7f929b4f7a7102171309c984afc8c
0.4.19,851,236,1542,14,48,2,14,3,2,114,2,0,0,0x10591b8e3e83cd9852172f022a5a70edfb66063d
0.4.2,79,0,146,3,8,0,2,1,2,14,2,0,0,0xe1fe2a5815d0ff09c317ed04cd5b5a1a5684fb2b
0.4.20,241,46,348,3,14,0,2,0,3,22,3,0,0,0xb9b5467b8f8ce1e4e48796e4c24758efff512352
0.4.21,277,23,517,3,30,2,9,3,5,48,4,1,0,0x37f4ade226a15858d9eee4bb4cbc1e70ccaf290d
0.4.21,277,23,517,3,30,2,9,3,5,48,4,1,0,0x8caf2d9945bebc87fc5be402d1954cdd909d5d84
0.4.21,281,26,524,3,30,2,9,3,5,48,4,1,0,0x06a18723818cdf9ab08ed8ceb0b931777a41c8f9
0.4.21,50,23,90,0,5,0,2,0,1,11,1,0,0,0x59b17eee6de70cf5e1633fe02073351e11272ef0
0.4.21,58,1,105,3,5,0,2,0,2,14,2,0,0,0x4d38b38d46328d732c6470968049ceb26021fdbe
0.4.21,62,5,112,3,6,0,0,0,1,10,1,0,0,0x1a44e3774780af20657121a8abdd16272f2b388a
0.4.21,72,13,22,3,6,0,0,0,1,10,1,0,0,0x3b2ba8f39fb1fd09782401cbe470798bb87045ea
0.4.21,72,13,22,3,6,0,0,0,1,10,1,0,0,0x9bfdf16d92a9aff3f0a35e3325085495eb645308
0.4.21,79,0,156,3,9,0,2,0,1,18,1,0,0,0xb77e4be3e6122611610fe5768caa2c368a052d27
0.4.22,302,5,541,5,35,0,8,4,6,51,4,1,1,0x1a4743cf1af4c289351390a2b3fe7c13d2f7c235
0.4.22,303,13,545,5,35,0,8,4,6,51,4,1,1,0xd668e107aab776e35061d208bb083918aaede9b5
0.4.23,100,6,24,2,5,0,0,0,1,10,1,0,0,0x174afe7a032b5a33a3270a9f6c30746e25708532
0.4.23,110,1,195,3,15,1,2,0,3,24,3,0,0,0x15e72e4ca5a788a947932eb6b686eebbdd54c76c
0.4.23,126,2,226,3,13,0,2,0,4,19,3,1,0,0x8b996dd41a694e420c11d52279dea5b376daef35
0.4.23,159,34,302,3,9,0,3,0,2,18,1,0,1,0x3071a55a0f7916d796b54a2d095db85df693d956
0.4.23,331,38,658,3,25,1,3,1,9,34,8,1,0,0x6eccca96d6a238aae183440beeff39d9ba81054c
0.4.23,447,10,844,9,37,0,8,4,8,43,7,1,0,0x0017a04a2e182376235530d501bc3fbe7ca07a5b
0.4.23,481,0,872,6,46,0,12,5,13,62,12,1,0,0xd84b0712588d01e61d9b9bb546426e9192e2558d
0.4.23,486,48,900,3,34,0,7,4,9,49,8,1,0,0x01c0987e88f778df6640787226bc96354e1a9766
0.4.23,522,42,977,4,43,1,9,4,12,54,11,1,0,0xa016b7a8f287fdb1a501599fd03857c1cecc1a89
0.4.23,71,9,139,2,7,0,1,0,1,15,1,0,0,0xe7d027767061a8728c36737076c325e1da9e77ce
0.4.23,728,53,1332,6,46,0,12,5,13,58,12,1,0,0x863d1be026bfa2d87f1faf37d20a0d0eb1485880
0.4.24,1052,144,1922,3,52,0,9,6,10,42,5,3,2,0x7b2d34f137877ba6226b39d9fbead484149e4dea
0.4.24,1078,127,1996,14,76,2,5,1,16,93,13,2,1,0xf792d78278642d2fe59043b0b762abd96305c309
0.4.24,117,10,215,0,12,0,2,0,5,18,4,1,0,0xbf301814a36b5b721e9d0e815ce1b0b5bd0f329d
0.4.24,117,7,212,0,32,3,2,0,6,52,1,0,5,0x4d10da0724d5dbac5015b22d917e79a882f4e514
0.4.24,1176,142,2190,12,92,0,5,1,19,99,14,3,2,0xe5dc9368dfa95dd0d480a9cf6008dacb0ffb9fd8
0.4.24,124,6,24,2,5,0,0,0,1,10,1,0,0,0x0a6c9f09d22e6dfcf13c2812c55e5c9314eb2e8f
0.4.24,124,6,24,2,5,0,0,0,1,10,1,0,0,0x726a5aabac1ce2b901b8a81576dc4bbb2a8f152c
0.4.24,124,6,24,2,5,0,0,0,1,10,1,0,0,0x92d497ff4e0180761da6062a5d17fa7a2017abf8
0.4.24,124,6,24,2,5,0,0,0,1,10,1,0,0,0xda9ba00a5aafb105f1409c2cfca50dcfcb58b3d1
0.4.24,124,6,24,2,5,0,0,0,1,10,1,0,0,0xe6ff67e001ef6623c23ac234922f67eefe048dff
0.4.24,134,3,243,3,24,1,3,1,5,33,5,0,0,0x50eca9e5ed4865d25398c7f9516b04792e10d2cd
0.4.24,138,9,254,3,24,1,3,1,5,33,5,0,0,0x9550abdf341e8e47a50bb00105db717648b21b02
0.4.24,151,19,274,7,16,0,1,1,1,8,1,0,0,0x5fcebeb70b88e86dd880352684e775b0f4d57c71
0.4.24,156,14,26,0,8,0,0,0,1,0,0,1,0,0x6c9289195dba4ac4bafd16c7b59c0ba0756c6530
0.4.24,169,18,305,0,18,0,4,1,5,28,5,0,0,0x0ba66b1031f6af083936671ad95949883f19e61b
0.4.24,176,18,311,0,15,0,7,2,4,25,4,0,0,0x49e120efdcedf309746738fdc909665c4ae2d4f9
0.4.24,186,11,325,0,33,0,10,1,2,38,1,0,1,0xeb6533f29a54c2c18bb2ce2a100de717692a518f
0.4.24,192,18,337,3,20,0,7,0,5,42,4,1,0,0x1c877ba1d3b384410b61f1663ca1b8130f4ad59c
0.4.24,210,65,382,3,24,1,3,1,5,33,4,1,0,0x2822afe488b47ae1379f368523aa9189094199da
0.4.24,210,65,382,3,24,1,3,1,5,33,4,1,0,0x8810d7e9bf3daed9aee7b1197001536b8397c663
0.4.24,210,65,382,3,24,1,3,1,5,33,4,1,0,0xd6f5957be7ceed98c87abbf6ca48ee34e1e79261
0.4.24,210,65,382,3,24,1,3,1,5,33,4,1,0,0xe719c4ad919d89513360c5f8e5729f2d159f16e4
0.4.24,210,74,391,3,24,1,3,1,5,33,5,0,0,0xec7c26961848c3003312932199e61166ccb5fdbc
0.4.24,212,25,58,3,16,1,6,4,2,26,1,0,1,0x193c7359a54dd84f0cd7b7e73d74f442d55959c9
0.4.24,222,77,405,3,24,1,3,1,5,33,5,0,0,0x212fa406fd28663ee6110d863a18e80960300e5c
0.4.24,222,77,405,3,24,1,3,1,5,33,5,0,0,0x7bf5bc918580257ae51249c18d69215839ad2d90
0.4.24,223,78,407,3,24,1,3,1,5,33,5,0,0,0x037e79e1342cb1281e88a0740833897817e5c02d
0.4.24,223,78,407,3,24,1,3,1,5,33,5,0,0,0x181174aec65dcb8e6ff9054d1594e78b03af7a85
0.4.24,223,78,407,3,24,1,3,1,5,33,5,0,0,0x6c260ec95defb8cc821636d4241554b0d55850cb
0.4.24,223,78,407,3,24,1,3,1,5,33,5,0,0,0x6c93e1f06bc7435c0eec34b1bef04da5413eadb3
0.4.24,223,78,407,3,24,1,3,1,5,33,5,0,0,0x6fe7993b207bf707bc5f9369bdcea7875277792e
0.4.24,223,78,407,3,24,1,3,1,5,33,5,0,0,0x7b551d679606ee11862b0e9b2d354b53951fda93
0.4.24,223,78,407,3,24,1,3,1,5,33,5,0,0,0xc9ae11a393a08e86d46ce683fde7699db01a5f15
0.4.24,223,78,407,3,24,1,3,1,5,33,5,0,0,0xea2524bb0773de6a5f641aa97294401f116572e7
0.4.24,231,78,422,3,24,1,3,1,5,32,5,0,0,0x145f9bbd9f1ca0923e81e05c2ac04fda2310d774
0.4.24,241,20,440,3,19,0,3,1,7,30,6,1,0,0xf35d7149e8a38d2ac1ff7b070ffd39502cc23875
0.4.24,259,23,485,3,19,0,2,0,6,25,5,1,0,0x78a125f9f6f355b0a7f01d2b73fab16b59165d47
0.4.24,295,22,132,4,35,0,2,0,3,41,1,1,1,0x9765986db807b4abc6cc519a5b2511f357fae1dc
0.4.24,309,39,555,0,38,0,15,5,3,52,2,0,1,0xdae939bba0dc30695b3cba66e16b9a6c2b15b7d3
0.4.24,318,60,583,0,36,2,2,10,7,61,1,1,5,0xc69d36d5fc019355cbe8572fc0d00c448b841542
0.4.24,322,60,591,0,37,2,2,10,7,63,1,1,5,0x3c4f8ea7531fc7f0693816ea6889f7d1343c36da
0.4.24,349,26,636,3,31,0,7,3,9,51,8,1,0,0x6d59439c9fdc84f495dc72254edf348ad0dc30af
0.4.24,349,26,636,3,31,0,7,3,9,51,8,1,0,0x6f9afee7645ed0f115f39a64346e7cb2cd17b26f
0.4.24,384,36,720,3,31,0,2,0,6,37,4,1,1,0x8f179114235842978d8917e08721541072c46584
0.4.24,390,32,720,4,28,0,5,4,7,36,6,1,0,0x854dee65d13bc713d9075a052d30410e6cc90aaf
0.4.24,392,44,703,7,53,0,11,3,4,57,3,0,1,0xb7dee440fb88180b10c8104fe0587dd083914151
0.4.24,395,39,707,7,54,0,11,3,4,59,3,0,1,0x9cb221402a45f3c2561d0634a56a3f3411e0805d
0.4.24,406,49,740,3,32,1,3,2,4,41,3,1,0,0x60ce1dd8f8bffd69994170ae66bc50be8bd6b839
0.4.24,409,41,745,3,30,0,2,0,6,36,4,1,1,0xb9eefc4b0d472a44be93970254df4f4016569d27
0.4.24,413,37,764,0,58,0,0,0,4,45,1,1,2,0x7ce414fe52e549ec8e11f40f9910a62cbbccc510
0.4.24,425,79,788,0,44,5,4,9,9,95,1,1,7,0x6667980fdbfddb2c8e0a1913187c63e4f77809da
0.4.24,429,30,774,4,33,0,6,2,8,33,7,1,0,0xe0a4a032102f11a7983207201f38925e157a2ac9
0.4.24,429,79,796,0,45,5,4,9,9,97,1,1,7,0x1056d0c770a7614cee6b2f1b3935866f3284ddf8
0.4.24,430,59,780,0,55,2,10,3,7,83,2,1,4,0xb855e1efbd428b2253ed65c3c830bc55254e48c0
0.4.24,434,37,803,0,61,0,0,0,4,48,1,1,2,0x4250f3d2afec30752ce7b99d9a6b276d9d6417e1
0.4.24,440,69,796,0,55,2,10,2,7,82,2,1,4,0xca12697245b24ee09d97678f9a06997751de50be
0.4.24,441,35,825,3,30,0,6,3,7,40,5,2,0,0x5289a5b2d9be8076315c538c330b0da368f1002d
0.4.24,443,36,800,0,59,1,13,3,6,92,2,1,3,0x08ac59a726acc3d8db54b942d05d851a25e3cf60
0.4.24,444,36,802,0,59,1,13,3,6,92,2,1,3,0x042422bb2d8493e068684e4f880463bce6215ac8
0.4.24,450,50,806,7,58,0,11,3,4,55,3,0,1,0x9c05dc7c7f6332cbc16ce1e196ff6928f3fce5bf
0.4.24,461,44,855,3,36,0,3,1,7,45,5,1,1,0xee6a3cd161bbda18300c03ed1a7b33544c5dfc3c
0.4.24,462,58,842,0,61,0,12,2,7,73,2,1,4,0x9ab994054db1f001e8662a83a36e77bc27486f7a
0.4.24,470,76,836,3,54,2,12,3,8,65,4,1,3,0x59f67bdf80baabacd90967d35ff2bc690e02d7f9
0.4.24,482,38,903,3,32,0,8,5,10,42,9,1,0,0xfd6c31bb6f05fc8db64f4b740ab758605c271fd8
0.4.24,483,43,916,4,36,0,7,3,12,57,10,2,0,0x5725d6bacfaeb2ed77f91fa9a14d9b8a50903c24
0.4.24,485,48,894,3,35,1,7,3,10,42,9,1,0,0xb6362de9605d6c31860600bc448fae8bb3d3bf13
0.4.24,489,55,915,1,84,3,0,3,6,62,6,0,0,0xf237d83f6088f7f3aa3dbd79ab7dd0e1bbe13793
0.4.24,491,43,887,7,61,0,11,4,4,69,3,0,1,0xbb5f2b6e2bc6ffda7d325c8db66381ac5d2588bf
0.4.24,494,47,892,7,60,0,11,4,4,69,3,0,1,0x649170bdce8af83ce0412ed2bc63ea9e784adeb7
0.4.24,500,43,904,7,62,0,11,4,4,71,3,0,1,0xec841c878435ba4f28bf305a00c1483db0d96a20
0.4.24,507,55,948,2,36,0,4,8,6,39,2,1,3,0x58c69aff4df980357034ea98aad35bbf78cbd849
0.4.24,507,55,948,2,36,0,4,8,6,39,2,1,3,0x79c6e11be1c1ed4d91fbe05d458195a2677f14a5
0.4.24,507,55,948,2,36,0,4,8,6,39,2,1,3,0xbf363c6183a4f758e9b96bd427e2b7ce81c32fe6
0.4.24,54,1,97,0,8,0,0,0,4,14,1,0,3,0x1405ca0c8a3b5196a6a3365e971bfd9a8ada500c
0.4.24,54,6,18,1,3,0,0,0,1,0,1,0,0,0x43dbea78dd1a0e6d2fa43f08e109cab95c1679a0
0.4.24,600,236,1112,3,28,2,4,1,5,37,4,0,1,0xa29ef584c389c67178ae9152ac9c543f9156e2b3
0.4.24,65,11,118,0,5,0,0,0,1,0,0,1,0,0x76001aab10f8a77e4f719deceddf980b4c687ae7
0.4.24,679,21,1214,14,51,3,7,2,4,54,2,1,1,0xfc5b2dd5da823ee2db70ebfff664e12e2c3db8fa
0.4.24,712,75,1333,4,45,2,7,5,11,62,10,1,0,0x4928dabd39fb72a5561427d3b3ea4f127e0da207
0.4.24,831,280,1539,5,45,3,10,2,7,77,4,1,2,0x3cefefcbd7a6cd0dfd1f244922a2932a00a233e6
0.4.24,89,5,159,0,24,0,3,0,5,39,1,0,4,0x05c9faa268cbc9ab9af0ef844a208c28d0ad5acf
0.4.24,966,104,1734,7,60,3,9,5,12,105,5,2,5,0xa2979c8cf066612fff59b656572cdf1adb8956ae
0.4.25,1038,91,1946,8,59,0,11,6,9,102,8,1,0,0xba9ea16a777c964ba4f0153538e2dd3f770ed231
0.4.25,127,19,227,3,14,1,2,0,3,23,3,0,0,0xe2bdd39a86a711a167967d04f39ac75e3ca14a08
0.4.25,1642,379,2996,9,65,0,13,3,3,77,3,0,0,0xb561239d96ba2283bab9aabc3401828c05bdc753
0.4.25,169,30,311,3,24,0,3,1,5,34,5,0,0,0xc707725c0dc6137946bd593f42fbe18a339a4e9f
0.4.25,184,4,342,3,22,1,3,1,3,31,3,0,0,0x1ae023a3587620d28a68a857e06ca7d2620ec060
0.4.25,2051,187,3769,18,148,0,0,8,9,74,6,3,0,0x35addce0274ba9104293c4cf234e43b5ae2d4ef3
0.4.25,232,34,446,0,56,6,0,0,5,72,5,0,0,0x2872e9e9bcf2d31e82275e7256df3f77b4d59867
0.4.25,321,11,608,4,32,2,10,3,5,50,4,1,0,0x348aa42467971b5841a0bef544005edef7900132
0.4.25,321,11,608,4,32,2,10,3,5,50,4,1,0,0x97c3059db21d9008702386ca8e7a8361159ebbeb
0.4.25,330,13,623,4,32,2,10,3,5,50,4,1,0,0x156f2de97db47366e05464e7e0d477778a93b09b
0.4.25,332,12,630,4,32,2,10,3,5,50,4,1,0,0xa97ab0dd4542e4d5a4c92a39a63c7ec474043d1d
0.4.25,336,13,637,4,32,2,10,3,5,50,4,1,0,0xe7784e23c57ec4c7e34f5b659fc198b3e3f65ebb
0.4.25,409,44,774,2,48,0,3,1,6,52,5,1,0,0x3cdfa426726347a728b8e136bd33f914d3cc6d1c
0.4.25,49,0,85,1,6,5,0,1,1,0,1,0,0,0x8213d4c0ad265301a77d66de64cabcf2d4ffc17e
0.4.25,49,0,85,1,6,5,0,1,1,0,1,0,0,0xd1e43e7f4ebc0cf4c2e4282733c09c8b6fe8cf9b
0.4.25,49,0,85,1,6,5,0,1,1,0,1,0,0,0xd8b0bce8f646a1afecbd059820ae29105f49f821
0.4.25,49,0,88,0,7,2,0,0,1,2,1,0,0,0xe8349ba439c53cbfe7f2a17b02c5cc3b9b0584c9
0.4.25,493,37,914,4,46,0,9,4,9,62,7,1,1,0x22c21ca15f4e7847abe67ce28d5b4f7c27719898
0.4.25,602,70,1085,4,28,0,0,8,7,26,6,1,0,0xdbeb51f19581233e863b7294ce266ab250b22185
0.4.25,609,16,880,4,32,2,10,3,5,50,4,1,0,0x39ab32006afe65a0b4d6a9a89877c2c33ad19eb5
0.4.25,78,0,141,1,5,3,0,0,2,4,2,0,0,0x08d5215d318d3810883b813958dcb3409568aeef
0.4.25,95,24,180,1,4,0,2,0,1,7,1,0,0,0x2868f8e9425a7f5cfe989026b6cabb19a01d51d6
0.4.26,1026,128,1904,11,85,0,9,4,19,100,15,3,1,0xba2e37f18b647f19aa2e48581729fc4d0131b270
0.4.26,1049,126,1946,11,88,0,10,4,19,107,15,3,1,0x01fec9f6a261b9e1a7b936e95ccaeea51a023750
0.4.26,108,1,191,3,16,0,2,0,4,24,3,1,0,0xc3012ccb3116579c6ae46e6cf066594dbaac48e4
0.4.26,123,1,223,3,14,0,3,1,3,20,3,0,0,0xd64521ac0496c609454d4e9ca884096e43e0cec7
0.4.26,131,0,236,3,15,0,4,1,3,24,3,0,0,0x4df395e6bb5d46dceac7255af70034d103d9f684
0.4.26,131,0,236,3,15,0,4,1,3,24,3,0,0,0x5b65ca066b5468a022fa3132415c5e817913a9e7
0.4.26,131,0,236,3,15,0,4,1,3,24,3,0,0,0x96537d7642645e553e6d32bb750de3fff7ac37fd
0.4.26,131,0,236,3,15,0,4,1,3,24,3,0,0,0x981d8701e5a7a1930fe342cf5e6616455e60c2d6
0.4.26,131,0,236,3,15,0,4,1,3,24,3,0,0,0xbc381fc998d62cdfb3dd830b8738014417847acc
0.4.26,131,0,236,3,15,0,4,1,3,24,3,0,0,0xe331fccbcc6e797beda31bc6d60d961955588a6b
0.4.26,131,0,236,3,15,0,4,1,3,24,3,0,0,0xe910dce14f5ffca819859dd9079078225f879533
0.4.26,181,55,332,1,8,2,3,3,1,10,1,0,0,0x2c110867ca90e43d372c1c2e92990b00ea32818b
0.4.26,261,78,471,3,26,1,3,1,5,35,4,1,0,0x7a4f7e8cc513c7689975a05709a9666ffc4b1760
0.4.26,261,78,471,3,26,1,3,1,5,35,4,1,0,0xd9414f38b5b6607a00d950258335a0a440a3fc8b
0.4.26,265,79,478,3,26,1,3,1,5,35,4,1,0,0xcb51a79c82ee07e6868ad5bd66deb2270d1de238
0.4.26,266,86,482,3,26,1,3,1,5,35,4,1,0,0x21b68e2a0ad2c5b0c6f32850e3c929df5e01463b
0.4.26,269,80,485,3,26,1,3,1,5,35,4,1,0,0x521da4a05a7a4c1714fdb747bb1a91296352e89c
0.4.26,269,80,485,3,26,1,3,1,5,35,4,1,0,0x8e47ab17b8d1c7d22fb762e0e1b5637f850f832f
0.4.26,269,80,485,3,26,1,3,1,5,35,4,1,0,0xfcf360ff8ee84a224eecd9218fefd0b8845c8d45
0.4.26,270,87,489,3,26,1,3,1,5,35,4,1,0,0xb6fb4d40f38a06ea991d73454ccc55b727505031
0.4.26,28,0,51,0,3,1,0,0,2,4,1,0,1,0x41233fbc5fd1f12131823431a6e08805e0a2370d
0.4.26,362,87,703,0,54,6,3,1,5,66,5,0,0,0x1c3031e02e9a0ec237f5bd674eaaa5e56a2ae174
0.4.26,454,183,840,3,75,8,3,1,5,86,2,0,3,0xf0ca229433119c437e1918d7290256e27bf74332
0.4.26,461,37,835,5,41,0,8,7,9,59,8,1,0,0xecf0cdd36fbeeb07d69afc57cb94f6e90ad93ef1
0.4.4,126,44,226,3,14,0,2,0,3,22,3,0,0,0x0792cea5676041f206d6a908a982add8d6632c25
0.4.4,130,34,232,3,14,0,2,0,3,22,3,0,0,0xb56523013db3c29144f779ba441a483c04de1640
0.4.4,141,49,255,3,14,1,2,0,3,23,3,0,0,0x1527a0ef58e1f10c35c415ae792754719dd03124
0.4.4,307,25,568,4,24,0,4,1,5,37,4,1,0,0xe225aca29524bb65fd82c79a9602f3b4f9c6fe3f
0.4.4,40,21,70,0,6,0,2,0,1,11,1,0,0,0xe6eed125f0d570036141e026bda67cc113fad783
0.4.6,152,1,266,3,18,0,3,0,7,27,6,1,0,0x9087c06ea08f5efac5190c08e749c01fc8b2491f
0.4.6,50,3,90,0,4,0,0,0,1,0,0,1,0,0x9c286dea9b48e15fcfa764a37dc9b9d11d7df8e5
0.4.8,150,38,283,4,14,1,4,0,2,14,2,0,0,0x7b7d660524913eebaedd8ccfa0b7b6a6ff336349
0.4.8,150,38,283,4,14,1,4,0,2,14,2,0,0,0xc5111f557ccca75e1338bd980a7829113ea77f6b
0.4.8,215,5,379,4,22,0,8,3,3,31,3,0,0,0x9663b10d21dda9b573586e52a6270685cbe9f4d4
0.4.8,90,12,159,3,12,0,2,0,3,22,3,0,0,0x29c1cb8730b136728bce69c53001f6bf46b7ece2
0.5.0,105,10,192,3,17,0,2,0,3,23,3,0,0,0xc11eaf8db7e9288e1435df7eb0e4d23d7b2316aa
0.5.0,1064,110,2004,6,83,3,12,5,17,114,12,4,1,0xfe5dce39512484abf5532d566363c7e729cb7ed2
0.5.0,107,11,22,0,5,0,0,0,1,0,0,1,0,0x5849591ad57a1ef6ab2bde6ac20770e41bc73f7f
0.5.0,1079,111,2015,6,73,1,24,3,10,128,7,1,2,0xa756c844383d5eb88bc008820cb6c3e2b2b9a8db
0.5.0,1083,142,1972,11,84,0,4,1,18,92,14,3,1,0x4d81f697379f2e3f1bcc8018821e87312b846988
0.5.0,1106,134,1886,2,104,26,7,2,28,208,26,0,2,0x37012fbb2bd317e60a9b1b78eb032e1cbc681990
0.5.0,1106,134,1886,2,104,26,7,2,28,209,26,0,2,0x2f59bf2779c9ab965ca6bf63f5eb1504c5b36d38
0.5.0,1142,134,2123,3,86,0,3,2,12,108,5,4,3,0xacf651aad1cbb0fd2c7973e2510d6f63b7e440c9
0.5.0,1143,124,2068,4,90,6,9,5,16,102,12,3,1,0xc099567a3f3cb3975b6d9b4c9ff6a1e342c14c63
0.5.0,115,10,208,1,10,0,3,2,2,18,2,0,0,0x18adbd9651643a91a520cee597ef361ae18ac329
0.5.0,120,1,236,0,9,8,1,1,1,14,1,0,0,0xb9846a7d15d188263f99f2da6d1fdab2febdb0a2
0.5.0,1208,189,2186,7,105,20,9,2,21,186,15,3,3,0x3c331684908be17ad7c77d47f66dc5d42eba6bc6
0.5.0,1208,189,2186,7,105,20,9,2,21,186,15,3,3,0xc35cbad2c984f30895bf0ad372805817dd5975f7
0.5.0,1281,104,2333,3,79,13,7,4,15,145,5,4,6,0x87fabb3bdc15ded4d34654c67b1342d482b45445
0.5.0,1312,165,2441,16,97,3,6,2,18,99,14,3,1,0x9f5b1fa6ec33513b8a9f22cea0acdc9c3b2835b2
0.5.0,1434,231,2583,16,108,17,29,8,22,135,15,3,4,0x0839f043ece52658d99cdc9173d5b116608802d8
0.5.0,148,0,255,3,24,1,3,1,5,34,4,1,0,0x3dd99c776e10636f02fb6fe48e2b6a7fc886ca01
0.5.0,150,14,287,0,8,0,0,0,1,0,0,1,0,0xd0864e40a0a5f8c988a8b247b4d8d48249306546
0.5.0,157,14,279,0,14,4,3,1,2,17,2,0,0,0xc2a25a55f5946558c64bd3b97a1d0a6240f43080
0.5.0,1653,171,2980,6,124,11,13,6,23,154,19,3,1,0xb1c016143ec5bf3672746566d51623a0a2757ff2
0.5.0,166,12,297,1,17,0,5,2,4,21,3,1,0,0x24a66afda3666fb0202f439708ece45c8121a9bb
0.5.0,17,2,32,0,1,0,0,0,1,0,1,0,0,0x4dd27940a769f8e328daafd0f97b16e29f529bd1
0.5.0,17,2,32,0,1,0,0,0,1,0,1,0,0,0x877f2558cdfe1953606ac8c13ba262007ffd8f1e
0.5.0,174,2,308,3,32,0,2,0,3,36,1,1,1,0xb2290de5670bd461a7379d392d3216bba4e359a7
0.5.0,180,15,313,0,21,6,3,1,3,19,2,0,1,0xbe06f680a120245277408cca16bc51f79c1f611b
0.5.0,19,0,8,0,1,0,0,0,1,0,1,0,0,0xba00868912af1a409f11e9c2b5d3a9376cb3c2e2
0.5.0,196,1,343,3,29,1,2,0,4,36,2,1,1,0x569557c44a1fde531d8698ca36b230d676e14c83
0.5.0,196,1,380,3,29,1,2,0,4,36,2,1,1,0xbca87dec5dadfc9523189e7f3c06fbe5243aba2f
0.5.0,1988,312,3601,6,222,43,8,2,31,341,23,3,5,0xd219e1cad8cde8c46f2d923ace35a8e5b729a683
0.5.0,199,1,354,3,30,1,2,0,4,36,2,1,1,0x230451cc96eb02df59fb2dc99dd1b701fd119329
0.5.0,20,2,35,0,1,0,0,0,1,0,1,0,0,0xaad5b2dca566aa7dffafcad324422da7d8e1ef2f
0.5.0,200,2,356,3,30,1,2,0,4,36,2,1,1,0x7252fdbb1097c7089d93b0fbdf3494aecf2c92a0
0.5.0,204,3,365,1,17,2,7,0,3,36,1,0,2,0xd85275fa3f3ef844e9d4c38822552568039f1bd4
0.5.0,21,2,37,0,1,0,0,0,1,0,1,0,0,0xd56ae7e69fccdaa21e6cc5b1c3ff19f66f4e841b
0.5.0,210,0,367,3,29,0,2,0,5,38,3,1,1,0xacb53386b1c8015ae9352c8482d10c0d4a03c38a
0.5.0,222,75,404,3,24,1,3,1,5,34,4,1,0,0xd10502299c72eb84b366b2c4b0042a0f6c45d922
0.5.0,223,75,405,3,24,1,3,1,5,34,4,1,0,0x73d67103ad2bc658632b8a32d40f23001b16a19b
0.5.0,224,77,408,3,24,1,3,1,5,34,4,1,0,0x1e5139804b5d2197287508bbd1c28c7dca917731
0.5.0,224,77,408,3,24,1,3,1,5,34,4,1,0,0x60e1401cb4924fa5e91e72d2d3e96be763328a49
0.5.0,224,77,408,3,24,1,3,1,5,34,4,1,0,0x6b542d4f0907ba86b17224d1784c190cd56be6f9
0.5.0,224,77,408,3,24,1,3,1,5,34,4,1,0,0x95e5971c0de4e9abe4168cb342cb0063133b6497
0.5.0,224,77,408,3,24,1,3,1,5,34,4,1,0,0xb8cc98abb5402ac42bc11d38416df050d112b6b9
0.5.0,239,37,473,0,12,0,0,0,2,0,1,1,0,0xfbc2d97b5e77b3690242dbf7c93059f1af19578e
0.5.0,245,30,435,0,25,0,3,1,5,34,2,2,1,0x82e367a172be91cc44f0d016f26135d319fe0394
0.5.0,263,82,484,4,27,1,5,1,5,39,4,1,0,0xef9a004c5c88d40df841bf3480c2038c357701d6
0.5.0,264,7,465,3,34,1,2,0,4,45,2,1,1,0x4ec2efb9cbd374786a03261e46ffce1a67756f3b
0.5.0,264,86,478,3,26,1,3,1,5,35,4,1,0,0x003dbccacd2ea95ce8f958a71d28ce660ce36879
0.5.0,264,86,479,3,26,1,3,1,5,35,4,1,0,0x4bdd17d6f4df6d069e8bc4aefa25e44ae9694ec2
0.5.0,266,32,482,0,27,3,1,0,7,71,5,0,2,0x115c93b168020990f7b6d2f094a57fc5256b5bd1
0.5.0,266,34,482,0,27,3,1,0,7,69,5,0,2,0x12ce7ea7359cb28dfd600430b4e2b411eba5bd40
0.5.0,266,86,482,3,26,1,3,1,5,35,4,1,0,0x54a5a5b0b9e9fb93511cf784669255629205609a
0.5.0,268,57,485,0,12,0,7,0,2,23,1,0,1,0x3536903f897b6fa9910481b7bfc4e02e39183c4b
0.5.0,273,24,497,4,25,0,0,2,5,0,2,2,1,0xefca63a6e6fb1d9e7d1e04be8949efbc999f17b7
0.5.0,362,66,677,5,36,2,8,1,8,56,7,1,0,0xbba00cce718263f1a7ab92d723995722554552c0
0.5.0,37,0,65,2,3,2,0,2,1,2,1,0,0,0xbdb0a3b33624f0645eb30b3e9f7b0614653cec90
0.5.0,377,81,679,4,16,15,5,0,2,29,2,0,0,0x598bbb5819e8349eb4d06d4f5af149444ad8a11d
0.5.0,384,49,689,2,34,0,5,1,5,51,2,2,1,0xa8f819bacfcaced9bfc7a14362d75c51d0fe3e1c
0.5.0,392,25,716,0,17,0,0,0,1,0,1,0,0,0xf471789937856d80e589f5996cf8b0511ddd9de4
0.5.0,417,44,767,1,31,6,8,2,8,27,5,3,0,0xa9ceaa10c12dcb33babc2d779e37732311504652
0.5.0,44,0,85,3,5,0,2,0,1,16,1,0,0,0xf5d9d7c3ada13aa3918ea9222e921c8fc85c4925
0.5.0,451,84,825,0,79,2,4,0,10,48,8,0,2,0xbd71b2fb44c9071e3e6f451eb70593ce96c527d9
0.5.0,456,80,844,4,23,0,4,0,7,43,2,2,3,0x5a043a89455e7b6993d329c6331733d7c2c84750
0.5.0,462,42,866,3,27,0,2,0,5,39,3,1,1,0xe5caef4af8780e59df925470b050fb23c43ca68c
0.5.0,47,0,80,0,5,6,0,2,2,3,2,0,0,0x13cf6d36d4754bec83ddd76be123ff8b96f28264
0.5.0,501,52,914,4,45,0,7,3,9,57,6,2,1,0x5c7ec304a60ed545518085bb4aba156e8a7596f6
0.5.0,513,42,974,3,32,0,2,0,5,38,3,1,1,0x2dccd86ae9fc3733c23412cac92e382e4f35f049
0.5.0,516,60,960,1,39,0,0,2,7,2,2,3,2,0x268bae65dcbed10d20981cd04b872a6e4ce9ed5a
0.5.0,522,42,985,3,33,1,2,0,5,46,3,1,1,0x0c24c236f169e7c832909d1c226a5cd20e858322
0.5.0,547,49,1037,3,35,0,3,1,6,49,4,1,1,0x234a049ae3f76ba5c12fb5318062ccfe20c9d388
0.5.0,551,47,1033,3,35,0,3,1,6,48,4,1,1,0x934c28362f7f399c5064980c187ed6d273ab9598
0.5.0,563,62,1012,0,68,15,3,0,11,85,4,4,3,0x0d5ec207d7b29525cc25963347903958c98a66d3
0.5.0,582,74,1047,0,33,5,2,0,10,61,1,5,4,0x06bf66af9ee579a608540700eacdb665d450cb33
0.5.0,596,51,1139,4,42,1,3,0,4,50,2,1,1,0xd89b6b72ccb9f810d2ca02c64a77b366abbf7967
0.5.0,60,2,102,3,5,0,2,0,1,16,1,0,0,0xf375531fa685dc1047e7b35bf80269777ed4f4e6
0.5.0,600,55,1112,4,40,0,4,1,7,50,4,2,1,0x6272e1f61ff349417812b2551c706714c26eb83a
0.5.0,627,58,1162,4,41,0,4,1,9,51,6,2,1,0xbad3b88a486ad9db67f329017b83a7617921c562
0.5.0,651,49,1195,5,52,1,9,4,10,67,6,4,0,0x2ecd8782940480506eca494f94ec8d074f5e5a34
0.5.0,676,68,1219,4,57,0,5,2,12,78,8,3,1,0x15dfc197e7ac7d81a07250b5bdebaa96fc1c5dfa
0.5.0,737,70,1361,4,51,0,6,3,11,59,8,2,1,0x1b073382e63411e3bcffe90ac1b9a43fefa1ec6f
0.5.0,741,63,1370,5,50,0,11,6,8,88,5,2,1,0xc2e89d82258811832a392ca1ef66b9f0c0ccd55e
0.5.0,771,61,1432,4,67,0,10,5,13,79,10,2,1,0x9da1659a203cefe6e9c6da98c7a669a1ec3d7ede
0.5.0,857,78,1581,5,63,0,11,4,11,86,8,2,1,0x2e0bacb02871454abdd96adffb143d97729af6e2
0.5.0,881,65,1614,7,63,0,16,8,10,123,7,2,1,0x7f8b86b112cf0389b1ba125c4011d096b86fbaab
0.5.0,884,47,1686,9,54,3,6,3,8,62,5,2,1,0x2773a3ba710f65baec6b7801e0b56c4586ad69e8
0.5.0,906,66,1655,7,66,0,16,8,11,127,8,2,1,0xd0608aef0d7eae02c35e4a5f8f4d315c13b7b661
0.5.0,911,82,1672,4,65,6,14,5,11,93,8,2,1,0x16da8432ad000043c072925dd9943003bf4be4df
0.5.0,914,81,1677,4,65,4,14,5,11,93,8,2,1,0xdc7e3e6381a70a9a43ebd82e4b4f9609654b4f3e
0.5.0,946,110,1787,5,63,0,10,4,12,87,7,4,1,0xbc5eae92e95adca735edd3783cc2acda8023dad4
0.5.0,984,51,1791,7,113,2,7,6,19,124,17,2,0,0x0c17fda052f0d0f1530fcecb71525ef607a4d1e2
0.5.0,992,133,1701,2,94,23,6,2,23,183,21,0,2,0x1bee615efe1e17e36a064a47c375b10ed2af5ef1
0.5.00,222,77,405,3,24,1,3,1,5,34,5,0,0,0x73fd633beb60d8b701098908f0f0e77edb144583
0.5.00,222,77,405,3,24,1,3,1,5,34,5,0,0,0xa23ab037425c4162465d161e886ade2c7aafe3e3
0.5.1,269,18,487,3,31,1,2,0,4,36,2,1,1,0x12bac8c392f5a2ec82f3c2799289a1a7515d8f02
0.5.1,35,1,60,1,1,0,0,0,1,0,1,0,0,0x488990f9201f12118b0623b57446a90c0c860e31
0.5.1,523,34,990,4,31,0,5,3,7,42,5,1,1,0xa0b7043f76bff54652f496b3359f50fbe2390bdd
0.5.1,536,35,1015,4,32,0,5,3,7,43,5,1,1,0x95195adfb67f28acfc07ce09eb496188527c0303
0.5.1,61,0,109,3,6,0,2,0,1,14,1,0,0,0x779e2e680fe3cc3144d3b1411a9c204072b26506
0.5.1,653,55,1263,4,47,0,6,3,9,57,6,2,1,0xce11d811c7bdbddbbaadcf11668551205d23ad6e
0.5.1,66,0,121,1,9,1,2,0,3,8,3,0,0,0xbd0265475af115259f76564ec0f8883a06fbd586
0.5.1,713,57,1372,4,54,0,8,4,11,64,8,2,1,0x4fa2141ed83fc7ee82d9c49a14aeaf1f1509feb1
0.5.1,76,0,134,3,9,0,2,0,2,14,1,1,0,0x5cdf30ce7f672259bb599c848493a0ac9c9f8e11
0.5.10,1004,121,1844,9,82,2,19,4,7,129,3,2,2,0x0ef2b77b03279cdbe23c30e4653e1f7743fd20c1
0.5.10,1004,121,1844,9,82,2,19,4,7,129,3,2,2,0xf74c9f202f7bf44e6eec02ef98896012153ac464
0.5.10,101,18,195,1,6,0,1,2,1,4,1,0,0,0xf766f9763443bb07e9b5974f566efb79dd8b705f
0.5.10,103,9,198,1,15,0,0,0,3,17,3,0,0,0x998c2e0f9653bdefdc2465505c696287111dad4e
0.5.10,1050,111,1955,5,77,0,9,5,15,85,12,2,1,0x7cce3faee25fbd4bdaaf766da6154b0665b6a581
0.5.10,106,14,42,1,6,3,3,0,1,12,1,0,0,0x85bb8a852c29d8f100cb97ecdf4589086d1be2dd
0.5.10,11,0,19,0,1,0,2,0,1,2,1,0,0,0x5de98c3f4be3a191d2c721e8f003e0464ee8bb9c
0.5.10,111,14,206,2,16,0,4,0,3,21,2,1,0,0x19e6bf254abf5abc925ad72d32bac44c6c03d3a4
0.5.10,111,7,208,1,9,0,0,0,1,10,1,0,0,0x4534492034a2cd3eab34c8f357cd139c95b09f52
0.5.10,114,17,212,2,16,0,4,0,3,21,2,1,0,0x9e1769e34aee54bc91163ae373930dea2f29e174
0.5.10,115,18,214,2,16,0,4,0,3,21,2,1,0,0x0960003f9f112d220115775f260868d17ec8d3c5
0.5.10,12,0,21,0,1,0,2,0,1,2,1,0,0,0xa0e39b2c617477a4cb7fc4a1607954c931eb7398
0.5.10,12,0,22,0,2,0,0,0,1,0,1,0,0,0x7636a06fc197c4fb4451228af1b1cb2088120274
0.5.10,129,24,243,1,16,0,2,0,3,26,3,0,0,0xb27174c6b468ce285eec3bdb4d03351c24def5dd
0.5.10,137,24,257,1,18,0,2,0,3,26,3,0,0,0x236cce40a3e83313c03bc29e5f693bfd1d6e9034
0.5.10,137,35,259,4,13,1,4,0,2,17,2,0,0,0xd4d21a4d3dc13730db343456fbe1c82ffd05c27e
0.5.10,138,5,254,3,25,0,2,0,4,38,2,1,1,0x0f1a345626d7d969799c75278712c140f7bbf925
0.5.10,165,2,312,0,16,5,1,1,1,8,1,0,0,0xf3f4d90e13d874345cc9ef6e69db7dd50c33bb53
0.5.10,188,2,352,0,17,5,1,1,1,8,1,0,0,0x94a0e43dc68948b28421d94596240c605cd638b9
0.5.10,209,63,379,3,24,1,3,1,5,34,4,1,0,0xb983979ece46913f465ecc28774e1b657aba4d3f
0.5.10,21,1,35,1,3,0,0,0,1,1,1,0,0,0xeac8163f006c6f516acab88599dbba52b2a5cd5d
0.5.10,219,26,389,3,27,3,5,1,6,41,4,1,1,0xe3dad47bd78b1ff1f3036dbd804b8d83f92cfa0a
0.5.10,224,75,407,3,24,1,3,1,5,34,4,1,0,0x22ef3753e3658e81d5a0d0889ce078178fe66595
0.5.10,23,2,38,1,3,0,0,0,1,1,1,0,0,0x68234269045d9b0549848086a5e06f8918d3ee77
0.5.10,235,40,437,3,24,0,2,2,2,24,1,0,1,0x6e08427f6f472342d0ce286c875956be232d6af4
0.5.10,249,31,487,3,27,1,7,1,5,38,5,0,0,0x8f925ff8422192b14ad3b6db9883acde95fd073a
0.5.10,2631,422,4820,18,161,11,34,9,28,176,18,5,5,0x24f0bb6c9b2c3db66603fa0ec07ab0cf55cdd387
0.5.10,285,24,554,2,15,0,4,1,1,6,1,0,0,0x0a73f00d425245f9a0881344f3d350d01ec14590
0.5.10,288,58,520,3,23,4,5,1,5,29,4,1,0,0xa5c277c3e0b81b80b480e091c4d59eef60d2a9f7
0.5.10,2954,594,5473,19,233,24,59,13,37,247,25,6,6,0xa8e7213d64e29f6e5e81cb5d6cd48bcdcf722dc4
0.5.10,332,57,588,1,23,0,3,1,3,24,2,1,0,0x30963d485dc4cd0d23c2c7ece5701f307e97a107
0.5.10,348,105,658,3,34,4,8,2,6,63,2,1,3,0x6e90000083dcaae8a66c9b703329be56a967028c
0.5.10,36,0,69,3,3,0,2,0,1,1,1,0,0,0x71d8b5ff156e2a6f7a39af215b124d4546d8c86d
0.5.10,366,96,694,3,34,4,10,2,6,72,2,1,3,0x0f1d2925c2840f3d15cb6bd1a1f75e1d5de41d90
0.5.10,375,32,693,4,35,0,4,1,7,49,4,2,1,0x1964f2f3ce45ac518b18ef4aa4265f8aadcef4ae
0.5.10,41,4,76,0,4,1,0,0,2,6,2,0,0,0xf301aa6c43c6547db4803a3ee2fec8ff4e5dd015
0.5.10,43,1,75,1,4,3,1,2,2,8,2,0,0,0x08037cdde3c8967a0249dae024502c2b48e021eb
0.5.10,44,8,18,0,1,1,0,0,1,3,1,0,0,0x5f58afc2eba06fbc2dcc0a5551f4145b82c8d7e0
0.5.10,44,8,18,0,1,1,0,0,1,3,1,0,0,0x723b5ef3ce4137e46027e41cc84d905dcb6a12a9
0.5.10,4464,636,8272,21,294,17,37,10,35,193,24,7,4,0x634ab8f3f791a905b6e6ea72c33483401ed56e6b
0.5.10,453,41,850,4,29,0,7,0,4,41,4,0,0,0x51fc3645417f3e499cb24e4cec11e59501739c8b
0.5.10,46,0,86,2,4,0,2,0,1,9,1,0,0,0x775db3c45c35c9331e0664c728dc0d52ebd4f463
0.5.10,715,71,1288,15,60,2,7,2,8,68,2,3,3,0xe11c2d241819491191bedc33241a605b2ac6c756
0.5.10,764,82,1412,4,59,0,5,5,9,69,6,2,1,0x000009b11c29428832d039d0af4b2e2b25a02969
0.5.10,768,91,1415,4,63,1,5,5,10,71,7,2,1,0x8888889213dd4da823ebdd1e235b09590633c150
0.5.10,847,96,1576,3,54,6,4,2,9,79,5,3,1,0x9311cc3c9be609aff420d45bb3405e49e8a91a3f
0.5.10,9,0,15,0,1,0,1,0,1,1,1,0,0,0xa0e0f7f26842b319ee6580f1a903f5d06e9f5bdc
0.5.10,953,76,1781,5,58,0,11,4,14,109,12,2,0,0x04ce0aa49c9bbef5e686df307eb3dfbd76fb7716
0.5.10,983,372,1846,4,48,2,12,6,11,53,9,2,0,0x3c8e30fdc8d36673964f328c5fd30147426a5f9b
0.5.15,1566,184,2938,5,103,3,9,5,24,111,18,4,2,0x7a222da5383bd38e3cba987a19f03d576b4cb21f
0.5.16,598,49,1096,2,46,16,1,1,7,60,3,4,0,0x285b7f0f1f16ecfc9d12e78ba6fcebfb69e42d64
0.5.16,598,49,1096,2,46,16,1,1,7,60,3,4,0,0xc3520f251b12525e43bcb3047bd42af0a3bdf409
0.5.17,389,12,736,1,37,2,10,1,7,45,4,1,2,0x1235f3f2bb5f69bceb5425cdc83cb1163190d9bb
0.5.2,1190,92,2222,5,159,0,22,10,12,182,5,1,6,0x7dc86851e49005d138b72ccd21639312b206c34e
0.5.2,13,0,5,0,1,1,0,0,1,2,1,0,0,0x5bcf2767f86f14edd82053bfbfd5069f68c2c5f8
0.5.2,1538,151,2877,0,75,0,1,1,10,112,3,2,5,0x56db0438b1341e81e4c6e62f875fc3607fd1b911
0.5.2,1542,152,2884,0,75,0,1,1,10,112,3,2,5,0xe23fb31dd2edacebf7d92720358bb92445f47fdb
0.5.2,1793,177,3326,10,82,4,10,3,18,79,11,4,3,0x208be5c980e2dc3ccbc6d4fc3c604beb66ede6b2
0.5.2,1995,187,3723,0,91,0,3,0,12,120,2,4,6,0x69bba2231afcda0225f67fa4b49065cc4bfab52e
0.5.2,279,43,512,1,14,0,2,3,4,6,3,1,0,0xb567930450b78d0c1bda82bde363abe2fdc3102d
0.5.2,290,35,526,1,21,6,5,1,5,20,4,1,0,0xbdb39870d0bb20df10913acdfce100029e2715a4
0.5.2,326,30,599,3,29,0,2,0,5,37,3,1,1,0x860dd1ac5085e62fc0b75024917b13e1230df1fb
0.5.2,326,30,599,3,29,0,2,0,5,37,3,1,1,0xbae226690d7dce1da1823f0bf811529b8229134a
0.5.2,364,36,673,0,37,0,2,0,5,26,0,2,3,0xe66127a3539e1a415cfaae8a43cb9d73e6504295
0.5.2,367,41,675,3,33,2,2,1,6,40,3,1,2,0xf24f77823befa28f8773017c93862075edeb068f
0.5.2,3718,346,6934,3,154,0,5,0,22,269,4,11,7,0x009d11fe629ac307c297fed504e653e6f001cc87
0.5.2,396,40,738,3,36,0,3,1,6,46,4,1,1,0xaf0336137c2f68e881cea7d95059e6b2ddcf7e57
0.5.2,4219,453,7868,3,164,0,5,0,25,279,5,13,7,0x3825474aaad9f17511f8c8f3887b73606c94f2a2
0.5.2,4223,454,7875,3,164,0,5,0,25,279,5,13,7,0x15518cdd49d83471e9f85cdcfbd72c8e2a78dde2
0.5.2,472,40,891,3,27,0,2,0,2,32,1,1,0,0x1e51f9ba6898bcc9d63da95f5e1b483ef74b30d7
0.5.2,486,44,911,3,29,0,2,0,5,38,3,1,1,0xfd9541bc50240e2f5df28f4c101b96ea0ebb192a
0.5.2,50,1,24,1,5,0,0,1,1,3,1,0,0,0x3682802ccca40fd73b321dd4d3da466aebad5623
0.5.2,50,3,21,0,3,0,1,2,1,8,1,0,0,0x8169dd1b69b82ea7f8daff6992eaffa259c9c66d
0.5.2,501,37,929,4,84,0,8,1,8,117,2,1,5,0x35c8c5d9bec0dcd50ce4bd929fa3bed9ed1f7c89
0.5.2,506,48,948,6,51,1,7,0,4,87,1,1,2,0x391f269936e649696136edf9202a5a40751d9bc6
0.5.2,546,71,1019,1,41,7,7,2,8,53,6,1,1,0x17bcf59d273f7c58735ed80ea001a69f80df92fc
0.5.2,550,64,1027,4,47,0,6,2,10,64,7,2,1,0x691c25c461dafc47792b6e4d674fbb637bca1c6f
0.5.2,65,11,22,0,5,0,0,0,1,0,0,1,0,0xd95b2f9ce18a812fb545367741fe900602d53eeb
0.5.2,727,40,1323,7,141,0,22,8,8,139,3,1,4,0x91e28cad737f8641242acc4ba20981d1ac63eaf4
0.5.2,766,62,1439,5,60,0,10,5,10,81,7,2,1,0xd9d993fdd6dad5270c0896b364bdbeff38e010cf
0.5.2,781,58,1457,4,106,0,6,5,9,127,4,1,4,0x145cf8d35b2ed2259c5500e6d364286c1b220ca5
0.5.2,898,90,1653,8,79,10,14,3,17,105,14,2,1,0x90d8b10b57230de9d7561b1274d0f64c38fc4b31
0.5.2,898,90,1653,8,79,10,14,3,17,105,14,2,1,0x92567a901a13bbc279638b466cf001a82d5c5360
0.5.2,978,102,1803,8,58,0,13,3,13,68,8,2,3,0xe80757244a15c5bd45b7fc1a053e135f4d163d94
0.5.3,28,0,52,1,3,1,1,0,2,7,2,0,0,0x400794a29d947c8a22fe7b336ef443d9f54d155e
0.5.3,28,0,52,1,3,1,1,0,2,7,2,0,0,0x4d4d7d59f167aa545250b21977c53ffc408d0b9f
0.5.3,28,0,52,1,3,1,1,0,2,7,2,0,0,0xda54ffddc97d7fbb7c239dca2e832031d1b68b20
0.5.4,167,32,294,4,13,0,2,1,2,19,1,1,0,0xe70b833b133ab1212558cc9fe3219c96308c768a
0.5.4,532,101,962,4,46,0,14,5,4,85,2,1,1,0x1dcac83e90775b5f4bc2ffac5a5749e25acc610d
0.5.4,94,2,165,0,16,0,0,1,1,30,1,0,0,0xa1178d5f1b91c9902a36f62804a808a8c26318c3
0.5.5,1845,432,3430,3,85,12,9,1,8,79,3,5,0,0xd216153c06e857cd7f72665e0af1d7d82172f494
0.5.5,2394,653,4538,0,85,0,0,0,20,47,19,1,0,0x92d9a4d50190ae04e03914db2ee650124af844e6
0.5.6,365,28,681,5,26,0,7,4,7,39,6,1,0,0x8bb95734f5011088fd228c8060b3e02ca53e3c0d
0.5.7,114,3,207,3,11,0,2,1,3,14,2,1,0,0x0d0a99dc6ca075c4b75632554ac1232eec85b13c
0.5.7,14,0,6,0,1,0,0,0,1,0,1,0,0,0x201ea35eb3183e1c9f7ad56548be59431106dac1
0.5.7,215,2,381,4,38,1,6,2,4,51,2,1,1,0x090210a4916737e691a6a87aa8d4c835b85a0103
0.5.7,215,2,381,4,38,1,6,2,4,51,2,1,1,0xfd780747fb104aebb32ab39e0952f86e8a838475
0.5.8,189,23,346,3,28,1,3,1,5,40,4,1,0,0x8fe6736c0bb4bcbd7d8156963cb247f8a6b8d5a0
0.5.8,192,3,352,1,9,1,4,5,3,16,3,0,0,0x901132a28d870af790603caf520ca2451def4241
0.5.8,217,5,417,2,19,3,3,3,6,28,5,1,0,0x8573efb7b522aeaaaead7791486c85ef5283add8
0.5.8,232,24,420,2,16,5,2,0,4,7,3,1,0,0x94a1b5cdb22c43faab4abeb5c74999895464ddaf
0.5.8,257,26,495,3,23,1,4,1,7,32,6,1,0,0x1ee5f08f706408192a4f3057c42042599119f9cf
0.5.8,31,0,18,0,4,0,1,0,1,5,1,0,0,0x6f9c7680841906b42972e817b08373ed942727a4
0.5.8,31,0,18,0,4,0,1,0,1,5,1,0,0,0xf32baea03e85b508969708aa9a40dd8dd5e2645e
0.5.8,426,38,776,2,41,0,8,2,8,64,3,3,2,0x77675389619af950ad8a2c974a043e57336f2e43
0.5.8,464,34,867,4,28,0,4,2,5,46,3,1,1,0x41b00464eb3427f5b05f42df31e49e083a73bd0f
0.5.8,470,51,864,2,41,1,7,5,10,42,8,2,0,0x5148c341b48b626c8cc2f97507f968868c1ca64e
0.5.8,485,9,902,3,24,3,11,6,4,23,4,0,0,0x1a81bc5bcae26b006f6fb0b287bb8be8d2ffcf63
0.5.8,56,7,16,0,4,0,1,0,1,5,1,0,0,0xc08edf13be9b9cc584c5da8004ce7e6be63c1316
0.5.8,577,61,1067,0,25,0,0,1,6,12,3,3,0,0xbcf7c0359282c549591bf5132f11929f0559eb2b
0.5.8,65,3,120,0,5,0,0,0,2,7,2,0,0,0x02b1669bc9ee893edaff3cadfd326a294d643f99
0.5.8,663,67,1241,2,45,0,10,1,6,68,2,3,1,0x4d45e33be9c0b42830a738f62c938f4a7fc5e285
0.5.8,698,68,1305,2,52,0,11,1,7,78,2,3,2,0xa96624bd4bd96aab5fcfb34e7029893b54fed0fe
0.5.8,729,63,1371,4,53,0,7,4,10,67,7,2,1,0xd6aa415a9209093014759e81d7ba024d861abf4f
0.5.8,77,7,138,0,7,0,2,1,2,10,2,0,0,0x4e469b6a7b782a8e6e9c4d22e5e52806fd3410d5
0.5.8,868,94,1574,1,49,3,0,10,14,73,14,0,0,0xf7821a90613ec5a0a42ba5627b6ffeb1017838c9
0.5.9,1229,210,2266,5,46,2,10,0,12,87,4,3,5,0xc8e4385075ddb798a45d565c16ddb01983c9297f
0.5.9,166,4,311,0,18,3,2,0,4,24,3,0,1,0xda0705332ab758586d5598f54d72ce7f3a16c42e
0.5.9,175,7,330,0,20,4,2,0,4,16,3,0,1,0xefbddb3dfeeb43be19468edef13e61143b771e98
0.5.9,179,4,337,0,19,3,2,0,4,22,3,0,1,0x927987f69cd16e22afa19ec03b52b63b99e1ece8
0.5.9,182,7,343,0,19,3,2,0,4,22,3,0,1,0x6b782e3a4edc3b925d3df26b89276ace8830d442
0.5.9,199,1,354,3,30,1,2,0,4,36,2,1,1,0x4c4c62a08eb49404ab85f3b4a0d6560488f2e216
0.5.9,199,1,354,3,30,1,2,0,4,36,2,1,1,0xf1ded9284c73f9c3a664503e9a5e15188a991935
0.5.9,218,7,417,0,21,4,2,0,4,16,3,0,1,0x60756c12f575a96425ad224ea926cbfbda11d05f
0.5.9,234,7,443,0,22,4,2,0,4,16,3,0,1,0xf1873253f6c44ea01b70f4dfc414323939d67917
0.5.9,235,7,444,0,22,4,2,0,4,16,3,0,1,0x35dceefc1ed3c37e1f3b85eaefa5306c485d0649
0.5.9,235,7,444,0,22,4,2,0,4,16,3,0,1,0x718558e310767e4642392de704774848840a6ae5
0.5.9,746,75,213,3,42,0,13,5,14,82,13,1,0,0x42225682113e6ed3616b36b4a72bbae376041d7c
0.5.9,764,190,1414,0,22,0,0,0,6,3,1,3,2,0x200e6fb8febf5355596ccdefe1247e92382cfcfb
0.5.9,770,101,1411,6,43,0,10,6,7,61,3,3,1,0x3370d0c3048b98eb6034774883ab14617872f012
0.5.9,85,10,29,0,4,0,0,0,1,0,0,1,0,0x4cc8486f2f3dce2d3b5e27057cf565e16906d12d
0.5.9,85,10,29,0,4,0,0,0,1,0,0,1,0,0xfb0aaa0432112779d9ac483d9d5e3961ece18eec
0.5.9,91,2,157,1,12,0,0,0,3,10,1,0,2,0xe87bbc67814454f54afe2763ade3d8be9bb32bb5
0.5.9,967,123,1774,8,58,0,13,7,8,88,4,3,1,0x1d44b41a742d2b008a8faf655451aa015a59f248
0.6.0,148,12,273,1,15,2,4,0,6,26,2,0,4,0x2ac28f3ca70d10f978d253ed75e2bd725be64c21
0.6.0,449,22,840,0,48,12,8,0,13,93,6,0,7,0x547f1508a2a1ab0cb84dce4b3e09beb560bb44cb
0.6.0,763,34,1403,0,92,12,9,0,18,116,8,0,10,0x0a7493f31a23ff79eda30b12e6ba49f011b06e36
Not defined,1003,122,1878,4,55,5,13,3,9,49,4,2,3,0xc25a0b9681abf6f090aed71a8c08fb564b41dab6
Not defined,102,1,178,0,17,0,4,1,4,26,4,0,0,0x0ade43497058a68f4b8b16d3c93ea38063563b91
Not defined,104,7,37,2,5,0,2,0,1,5,1,0,0,0xab69a77d7204f6094d889f2481019c3c88041470
Not defined,105,11,190,0,13,1,2,0,2,14,1,0,1,0xa69b107791b8d0df8c317dd9533260826c11f80c
Not defined,111,11,203,2,12,1,2,2,1,29,1,0,0,0x2bb7b6c554e74ee8188033512faba975df82543b
Not defined,121,7,221,3,13,0,6,0,1,26,1,0,0,0x58e909941a62e58eb17e96035c78edebd3516b1b
Not defined,123,9,235,0,6,0,0,0,4,15,1,0,3,0x091ea7d8b8c94fd76011c51cfd296cfe010efbd1
Not defined,124,1,218,1,10,2,2,4,1,5,1,0,0,0x8ce87f39c30396fdfe7f25378363307b3ba3002d
Not defined,1241,220,2322,10,81,5,24,12,7,104,6,1,0,0x38454b811931755abb52884aa9e82ee3c72aebba
Not defined,1279,101,2422,3,62,0,3,1,7,18,3,4,0,0xc54698d116f40fabd5349bb7a756cfea1cb084ad
Not defined,131,27,237,3,13,0,2,0,4,24,4,0,0,0x2d0e1e2f053c5bf8b2b8237e6eb397988a412f23
Not defined,1328,104,2510,4,62,0,3,1,7,17,3,4,0,0x1d6848c6696ddf37ccc6f72b432379fef35d5dc1
Not defined,135,13,246,3,13,0,2,0,2,20,1,1,0,0x0a6b2931a74a2fd058d160dc1d677f401696ca8c
Not defined,1355,105,2559,4,63,0,3,1,7,17,3,4,0,0xfaa905ceb170b436648cb3710fb9d19ce3e7ce7a
Not defined,136,9,254,4,15,1,2,0,1,23,1,0,0,0xa821f14fb6394e82839f5161f214cacc90372453
Not defined,1360,113,2566,5,62,0,3,1,7,17,3,4,0,0x1bb6faaec04df6e523e9345bde1e0e34b857108f
Not defined,138,12,244,0,16,0,4,1,4,23,3,1,0,0x5182f5416198df01b420673746c04d410ae30381
Not defined,14,0,24,0,2,2,0,0,2,4,1,0,1,0xe4ba1be346d7720c9fb07f705ab058cddc0b0c26
Not defined,143,0,257,3,19,0,2,0,6,26,5,1,0,0x75941bce9a1be61650f504069b4b64389098357b
Not defined,144,0,266,3,24,0,2,0,4,36,2,1,1,0xaa047d3ca0f445abdb162fa86f8cfd10f9114cd2
Not defined,147,18,277,0,2,0,0,0,1,4,0,1,0,0x6e1699545fa5dfcc4ef892c95ac7e38dcf9665a4
Not defined,147,18,277,0,2,0,0,0,1,4,0,1,0,0xc65ff60eb8e4038a2415bb569d1fa6dca47d692e
Not defined,150,1,264,3,18,0,3,0,7,27,6,1,0,0x7b102e2d9743e51fe420ec04e904b9d4e3e982a1
Not defined,1572,207,2924,2,49,0,4,2,11,37,4,7,0,0x401dca7116d1cacb3c3bc1b4ace16fc87f7efaba
Not defined,158,13,292,2,11,0,0,0,2,22,1,1,0,0x21ce844510d7fa31522d5d565f74e1c7cb950a96
Not defined,16,0,28,1,1,0,0,0,2,0,2,0,0,0x9a4d5ec269fd4a4714915b3bc1f3a37034010cea
Not defined,160,34,305,3,9,0,3,0,2,20,1,0,1,0x41892a01420a1d17bd0b4e6064b174aa253b9c89
Not defined,160,54,293,0,17,0,0,0,7,10,7,0,0,0x91e556e3cb1e2842a0a3626a768b7e67199f7589
Not defined,164,35,312,3,9,0,3,0,2,20,1,0,1,0xc949fc82a15964fb5b97e5cf8f9ffed139086821
Not defined,17,0,29,2,1,0,1,0,1,5,1,0,0,0x86c59ef431f51d218f32b5ccef12cfd363a2abc6
Not defined,176,15,317,0,5,0,1,0,1,3,1,0,0,0x15269c511dd43d97d71740ea364cfc964b605cdf
Not defined,178,15,321,1,5,0,1,0,1,3,1,0,0,0xc773762a5473c1d935a5e854ea1e507663d77928
Not defined,18,0,32,3,1,0,0,0,2,2,2,0,0,0x69955cdfb003ffc3ec655ffe046c41a9cbd82445
Not defined,18,1,31,1,3,0,0,0,1,1,1,0,0,0x5fcc24013bf11bc30a3f41be0b484876d04fc228
Not defined,182,33,352,1,6,0,0,0,2,14,2,0,0,0x9d55c4aac56f89e6d948f17c3e6b7a2cf50e2c73
Not defined,187,35,354,0,8,0,0,0,3,8,1,1,1,0x2163e182b27009517666e9d9584bc660b2e67672
Not defined,199,30,365,3,16,1,4,0,2,25,1,1,0,0x30859d6387cb28e68756be606d6724c7d29da9c3
Not defined,207,14,391,3,31,4,3,1,6,49,5,1,0,0xaa7fb1c8ce6f18d4fd4aabb61a2193d4d441c54f
Not defined,209,47,406,3,9,0,3,0,2,20,1,0,1,0x73468010efda36a42662f000fce2c2a4ef175097
Not defined,209,65,380,3,24,1,3,1,5,33,5,0,0,0xb2d8e647ee55cc58a2b408e38f433238498853da
Not defined,221,78,404,3,24,1,3,1,5,33,5,0,0,0xdba934811a10d2cfe5f33736cc56c42e7b8fd067
Not defined,222,59,413,3,24,1,3,1,5,33,4,1,0,0x16a873617bd465eb98224582a5042c130084ea45
Not defined,231,1,423,3,28,0,2,0,4,40,2,1,1,0x33dcd369d697132de252884336225de31fb474b2
Not defined,236,21,462,0,17,0,7,4,3,25,2,1,0,0x67985c5d58bd300246e91509101637d000d9b64a
Not defined,24,1,7,0,1,0,0,0,1,0,1,0,0,0x5dd153a5a229ffb386d6225543c7172149a25a45
Not defined,240,85,442,0,18,0,0,0,8,17,8,0,0,0xe8ccac37e45a0cc6ad65999a71c0af7d1fb06209
Not defined,244,24,478,0,17,0,7,4,3,25,2,1,0,0x1c7e265685914927925d6e930a809e942b538db3
Not defined,246,1,436,6,29,1,7,4,7,47,6,1,0,0x42e98f6ed27fc8f76118efb7d4fe9a254bf3bcc9
Not defined,246,64,465,4,18,1,4,1,4,36,3,0,1,0x3a9d8ce5b707de41ce560fadff01f62362c9604a
Not defined,253,64,473,4,18,1,4,1,4,36,3,0,1,0x3f30a9ac5f4d9cccfe0331948f5a8f5df1ba3856
Not defined,259,32,480,3,20,1,8,1,3,24,2,1,0,0x7a5793566dff9698a666ddafd9c4727934672659
Not defined,26,2,47,0,1,0,0,0,1,0,1,0,0,0x0badafd5e3b11646917e29d621ae997bae2bd833
Not defined,265,17,494,4,48,1,6,1,6,57,5,1,0,0xaf350211414c5dc176421ea05423f0cc494261fb
Not defined,281,21,510,8,33,0,0,2,3,12,3,0,0,0x000d2d31815990fca6f69dfd978c4d4a56b2ed6b
Not defined,282,27,510,7,32,0,5,1,6,55,5,1,0,0x5dcc6f5dc918fc399db0cb6cf3d160ae3bfb0c2f
Not defined,290,37,537,4,16,0,3,2,4,20,2,1,1,0x7baf8432cd4640c8fc578278337e37e14d3ca49e
Not defined,297,26,537,3,27,0,5,3,9,37,8,1,0,0xa67fb45c3993be1256268c60c620a657c3d2b888
Not defined,31,3,56,0,2,0,0,0,2,1,1,0,1,0xb406ad2bff8eb1a272c6c4b19d14e180d1201d8b
Not defined,31,3,56,0,2,0,0,0,2,5,1,0,1,0x3f82be785b9a037ce687f811e070b5c0cab46d77
Not defined,327,1,627,8,30,5,5,0,2,63,1,0,1,0x2dcf69b59c2301dd2bc632f7f9f3eb7b93b98e31
Not defined,327,1,627,8,30,5,5,0,2,63,1,0,1,0xb69d0be87c35f2df6de9dbc759906383078b7e56
Not defined,337,1,610,4,41,0,11,4,11,54,10,1,0,0xc88c59d0c573043c477fb9084990ea14bc3c3817
Not defined,35,4,63,0,2,0,0,0,2,5,1,0,1,0x3b877da6b988f39a2ad9dcf33e052c7ce672d53e
Not defined,355,47,648,2,19,4,4,0,4,24,2,1,1,0x85c5b89993d7a03057928de781cd61b44466f17a
Not defined,36,8,64,0,0,0,0,0,1,19,1,0,0,0x3bdb8b7d03ab4299250e9b7ef0c717c8a1fd3913
Not defined,363,0,647,5,60,0,8,5,12,77,9,2,1,0x3a74862a0283711b85051449c6c4eeb6ecf4379a
Not defined,38,4,71,0,3,0,0,0,1,0,0,1,0,0x0619ed1187ecad8d089269ce6c21ef12c8c0b72d
Not defined,3854,1441,7254,40,177,0,31,5,19,141,14,4,1,0xf7908ab1f1e352f83c5ebc75051c0565aeaea5fb
Not defined,390,22,673,8,36,12,9,1,5,46,4,1,0,0xfaf33ee481f6b1f878b68c06181e46a2e9226938
Not defined,3909,567,7312,21,294,17,37,10,35,193,24,7,4,0x7b4f8003310f15bd0cd48d76cc68be4ff10bef58
Not defined,408,87,755,2,23,7,6,8,4,39,2,1,1,0x24500a5e24ced48eace9fb872bc8ecfd943f6e77
Not defined,446,49,822,10,29,3,2,2,4,23,3,0,1,0x2032ed3da425fa8430ddb1a793840d8bbc587e9f
Not defined,45,1,74,1,5,6,3,0,2,12,2,0,0,0x2e77661d3b85ed4982529282dbca477fd994a0e0
Not defined,45,2,80,0,9,1,1,0,3,13,3,0,0,0x9fdc15106da755f9ffd5b0ba9854cfb89602e0fd
Not defined,450,37,829,10,29,3,2,2,4,23,3,0,1,0x252b0789de92cf785a1e5855d8ac6c9ca641d7f8
Not defined,452,1,797,4,65,1,12,5,13,84,10,1,2,0x294e3ebb2ab13413a966b9b3d54d2848f5e0ab81
Not defined,452,1,797,4,65,1,12,5,13,84,10,1,2,0xcdf4446fd84420a8d0bb75d67f749c6d36507412
Not defined,47,2,82,0,4,0,1,0,3,8,1,0,2,0x4bc9502c4f27c44d064c470a0ebddde55a7972f4
Not defined,499,2,881,4,70,1,14,5,14,91,11,1,2,0x05ec0d5a8b19eab764feda318702d7f4a68ad096
Not defined,499,2,881,4,70,1,14,5,14,91,11,1,2,0x70a41bb9f44eada378092b1265dc81ae833ffd6a
Not defined,514,40,938,4,51,0,8,4,9,64,6,2,1,0x5b4765d32f3155070e447eaffe996f73466bb9f0
Not defined,52,0,92,3,4,0,2,0,1,12,1,0,0,0x7d0296ceb6c4a4b6b5f730099ff262cbecf51af9
Not defined,52,0,92,3,4,0,2,0,1,12,1,0,0,0xbd0904f1f097703b94f7fd2ec9dcfc588f2e66c4
Not defined,53,3,104,0,2,1,0,0,1,0,1,0,0,0x00b7ed96a23cbc777b54b24ca1e6d6a054768cda
Not defined,53,3,104,0,2,1,0,0,1,0,1,0,0,0x23433f70daf6047ded2479ad7cafc2b843fffd38
Not defined,53,3,104,0,2,1,0,0,1,0,1,0,0,0x7c67e3d28d22cbd66c72b0f98265dd1b16698769
Not defined,53,3,104,0,2,1,0,0,1,0,1,0,0,0xe354411f327ddd8b3e776b2e3028c523d1618825
Not defined,55,20,106,0,4,0,0,0,2,7,2,0,0,0x4d35c3c17751c510135b2261f85845cf4366f47a
Not defined,56,1,99,3,4,0,2,0,1,12,1,0,0,0xcd035443d7edd84df98283714d3ab192a6bb0bab
Not defined,56,5,99,3,4,0,2,0,1,12,1,0,0,0x8d74b206f01347539b57cceaaa37f08ceef1941a
Not defined,565,58,1034,6,46,1,5,1,11,62,9,2,0,0x4e74b055c9665f1d39a6b111f083f7756c5bd412
Not defined,611,54,1138,3,55,0,7,3,10,72,9,1,0,0x8fe4bac704fb5244c57d22473ab8255c322ca15b
Not defined,615,55,1145,3,55,0,7,3,10,72,9,1,0,0xdb395957d535df89cfe421ae1e332ebbae5ea36b
Not defined,63,8,113,0,5,0,0,0,1,0,0,1,0,0x1bbf8a80bad52c908403050868a4cc2dcf8185a6
Not defined,680,139,1237,7,42,7,7,3,5,53,4,1,0,0x973a4d00428dde6e5a9e87365eefd327cba8a015
Not defined,681,139,1238,7,42,7,7,3,5,53,4,1,0,0xb21cbc75ce038bdd536227c29395d01be0d45d9f
Not defined,681,140,1238,7,41,7,7,3,5,53,4,1,0,0xc4e1d2d8b3e57963f692b926e24271b85f2c131e
Not defined,683,46,1248,4,77,1,12,6,13,96,9,3,1,0x94e0bc22be42af7dc19adda0357608aa730f71ed
Not defined,69,20,123,0,5,0,0,0,3,5,1,0,2,0xaa74b0f33cab1b291980532bc5e0057e10adb2a3
Not defined,70,20,125,0,5,0,0,0,3,5,1,0,2,0x581ae5af7afa6f8171bbf40d1981779f168a9523
Not defined,70,20,125,0,5,0,0,0,3,5,1,0,2,0xed8885a1e77b5d679544b06196fe8ecc69367ebd
Not defined,707,13,1252,7,102,7,8,4,20,120,14,5,1,0x642e7985fc6ff2e7064c3b740a6a297a345cada0
Not defined,711,14,1259,7,102,7,8,4,20,120,14,5,1,0x2fc9b3cce679ada44a6900cc5731f32775d75caf
Not defined,730,210,1415,3,29,8,9,10,4,65,2,1,1,0xcfe4b035f17209df73198bed33793718b277981b
Not defined,735,178,239,6,22,0,7,2,1,34,1,0,0,0x20ee679d73559e4c4b5e3b3042b61be723828d6c
Not defined,735,178,239,6,22,0,7,2,1,34,1,0,0,0x5630ee5f247bd6b61991fbb2f117bbeb45990876
Not defined,75,21,135,0,6,0,0,0,3,5,1,0,2,0x8b62c02091fe06ae3454d3c12921b32611ba5501
Not defined,75,8,142,0,2,0,0,0,2,4,1,0,1,0x63c3d5c85bb42659eacc78a53b25d9b1b7a7bc8c
Not defined,761,184,1410,4,31,8,10,11,4,65,2,1,1,0x5d80c37df482fbef5dc28a2e350c3a22166b5c31
Not defined,763,62,1358,4,65,2,12,3,12,56,5,7,0,0x1f2fd70f64a1c12b03dce8ac827eb55a5d4bdafb
Not defined,77,0,138,3,9,0,2,0,2,16,1,1,0,0x6d59b94b98fa103620de961c30af0517f9e8b099
Not defined,77,0,138,3,9,0,2,0,2,16,1,1,0,0x912656188616e0184e3181f019022990a63280b1
Not defined,779,1,1535,2,17,5,4,0,2,27,1,1,0,0x9bdf81e6066d32764b7e75a1b5577237e06d9364
Not defined,836,102,1541,6,43,4,6,0,8,63,6,1,1,0x177f2ace25f81fc50f9f6e9193adf5ac758e8098
Not defined,859,96,1602,5,37,0,10,0,6,80,2,1,3,0x54d2690e97e477a4b33f40d6e4afdd4832c07c57
Not defined,861,96,1604,5,37,0,10,0,6,80,2,1,3,0x9af9c0cf3cd15e0afe63930fbf20941c89f3ff98
Not defined,89,22,159,0,6,0,0,0,4,8,1,0,3,0xae61b0d0a562e5c1daf9c1ded4a8fd6a770b639a
Not defined,89,8,171,0,4,0,0,0,2,7,1,0,1,0x4633f1ceb083f2379472f253abf5810b92033b59
Not defined,90,7,159,1,9,0,2,1,2,14,2,0,0,0x374605f8152c7bf5b8cf218d16da5bdfacc63bd8
Not defined,909,93,1708,5,58,0,4,3,11,102,5,4,2,0xa1697d2fa05775cdb2c007f0e9b527eb7dc77683
Not defined,91,8,175,0,4,0,0,0,2,7,1,0,1,0xbbcb737ed8f95ca3e2c23f29c8b20748c1197124
Not defined,92,22,164,0,6,0,0,0,4,7,1,0,3,0x30f0bb7556159b0e812de4af7023dacfdd4f7110
Not defined,942,126,1739,7,71,0,6,1,14,132,8,3,3,0x3c6424a84df3c18c4165bae759e0f4bc44e12783
Not defined,960,119,1785,11,80,0,6,1,18,100,14,3,1,0x3130bf7c433c2b25b3e30882fdd22e885cd6a56e
Not defined,97,0,175,3,7,0,1,0,1,7,1,0,0,0x7ab7bc59676c679cbf0bf8a23454fc3c339b5427
Not defined,973,114,1799,7,61,0,14,3,15,91,9,2,4,0x1a7918b6afaa8d3321e49fcc64b02fd8be1225fa
Not defined,976,94,1831,6,64,0,5,4,12,119,6,4,2,0x1e9e2d34adbd72d6aaf31464c04aaaf2bd148470
